depth	term	coef	std_err	z	p_value	ci_low	ci_high	OR	OR_low	OR_high	p_adj	sig
50	C(Gene_type)[T.Other]	-1.2667920794420695	0.5231455446617926	-2.42149071586003	0.015456995868613259	-2.2921385056517734	-0.24144565323236566	0.281733953842182	0.10105013434411744	0.7854914915525737	0.02318549380291989	*
50	C(Gene_type)[T.Pseudogene]	-0.7707641934994328	0.04615973653053654	-16.697759810425715	1.3607873982539227e-62	-0.8612356146351423	-0.6802927723637233	0.46265937189773515	0.42263953995277886	0.5064686906216177	4.082362194761768e-62	***
50	C(Gene_type)[T.lncRNA]	-0.7250434389966051	0.025885621239710582	-28.009505056202062	1.2446363122797294e-172	-0.7757783243438828	-0.6743085536493273	0.4843035308389965	0.4603453435392906	0.5095085966979048	7.467817873678376e-172	***
50	C(Region)[T.3UTR]	-0.7870536071847849	0.062035954670805284	-12.6870556173641	6.975930528421289e-37	-0.9086418440861226	-0.6654653702834472	0.45518397222825585	0.40307128610268633	0.5140342557686168	1.6742233268211093e-36	***
50	C(Region)[T.5UTR]	-0.03910797036584409	0.02531682100962616	-1.5447425390010123	0.12240855102380133	-0.08872802774775834	0.010512087016070155	0.9616468741761001	0.9150944200236811	1.0105675331172195	0.16321140136506843	
50	Intercept	1.8412093875722275	0.015019758511490539	122.58581828487125	0.0	1.811771201833217	1.870647573311238	6.304157822720498	6.121279858298891	6.492499407601419		
50	Is_fast_evolving[T.True]	-0.16396591238803376	0.03287477628486297	-4.987590211025438	6.113707473515686e-07	-0.22839928990617667	-0.09953253486989086	0.8487709539620181	0.7958064389100054	0.905260496856903	1.0480641383169747e-06	***
50	Is_heart_specific[T.True]	-0.023854354517215567	0.12141035393250747	-0.19647710219571804	0.8442367531749426	-0.2618142755751911	0.21410556654076	0.9764279117167276	0.7696539539722478	1.2387534188044564	0.8442367531749426	
50	z_Compactness	-0.01447884095860376	0.0151405386538166	-0.95629629101432	0.3389225632507228	-0.04415375142662085	0.015196069509413329	0.9856254734019421	0.9568068357472521	1.0153121168496966	0.36973370536442485	
50	z_GC_content	-0.2364543603429711	0.010903406795090434	-21.686282534137984	2.7644402820348124e-104	-0.25782464497013763	-0.21508407571580454	0.7894219104250499	0.7727307224460347	0.8064736324789483	1.105776112813925e-103	***
50	z_PSI_fixed	0.07054333230694272	0.008589948049435121	8.212311867425285	2.169698487070925e-16	0.0537073435009798	0.08737932111290564	1.0730910679347951	1.0551757529222157	1.091310558352383	4.33939697414185e-16	***
50	z_log_TPM	1.0135315151169104	0.02842746918841821	35.65324469790786	2.0986839368881204e-278	0.9578146993359886	1.0692483308978322	2.7553142876961023	2.605995362974597	2.913188922683545	2.5184207242657446e-277	***
50	z_log_gene_length	0.0183990268220157	0.01547503301626886	1.1889491158224252	0.23445969090784824	-0.011931480549439506	0.04872953419347091	1.0185693317945177	0.9881394173123196	1.0499363404550988	0.28135162908941785	
100	C(Gene_type)[T.Other]	-0.6202064541430817	0.34411077485271413	-1.8023453476821287	0.07149108802364082	-1.2946511795465727	0.054238271260409254	0.5378333882004835	0.2739934221739705	1.0557361237655738	0.08578930562836898	
100	C(Gene_type)[T.Pseudogene]	-0.5444394752145003	0.05194316412537548	-10.481446103290589	1.0512385774171476e-25	-0.6462462061432892	-0.4426327442857114	0.5801668901377738	0.5240091116625492	0.6423430679367553	3.1537157322514427e-25	***
100	C(Gene_type)[T.lncRNA]	-0.49184205701153766	0.03019287749959719	-16.29000273385998	1.1622403310492303e-59	-0.551019009500378	-0.4326651045226974	0.6114989401756407	0.5763621924874232	0.6487777281541438	6.973441986295381e-59	***
100	C(Region)[T.3UTR]	-0.671251472887157	0.07318385743261276	-9.172124788656314	4.6378570163184825e-20	-0.814689197704792	-0.5278137480695221	0.5110685889232006	0.44277692206151104	0.5898932161321326	1.1130856839164359e-19	***
100	C(Region)[T.5UTR]	0.07712985217569811	0.03282153316275934	2.3499771260902826	0.018774564779255987	0.012800829259302787	0.14145887509209343	1.0801823313120715	1.0128831105890777	1.1519531293203142	0.025032753039007982	*
100	Intercept	3.0228118084835103	0.02864342439640549	105.53248685107805	0.0	2.96667172827266	3.0789518886943608	20.548990352776457	19.427153031278277	21.73560911568708		
100	Is_fast_evolving[T.True]	-0.11777318322202236	0.04021900302735043	-2.9282969332166733	0.0034082438340107355	-0.1966009806497366	-0.03894538579430812	0.8888976466514635	0.8215183696478261	0.9618032358317589	0.005112365751016103	**
100	Is_heart_specific[T.True]	-0.23167862530336486	0.13573845376493746	-1.7068017122441221	0.08785891408081017	-0.4977211059997976	0.034363855393067855	0.7932009970793064	0.6079144549564521	1.0349611144098823	0.09584608808815655	
100	z_Compactness	-0.007843286012143142	0.018345899734270515	-0.42752255957726204	0.6689987571572745	-0.0438005887552963	0.02811401673101001	0.9921873922969442	0.9571448038806579	1.0285129454202784	0.6689987571572745	
100	z_GC_content	-0.21198329715937017	0.013567258289580763	-15.624623091473598	4.948389842350425e-55	-0.23857463477590096	-0.18539195954283938	0.8089782096877636	0.7877498925263706	0.8307785884308592	1.97935593694017e-54	***
100	z_PSI_fixed	0.10080331516559	0.011023420036907015	9.144468307303448	5.992390659621334e-20	0.07919780890679506	0.12240882142438494	1.1060590753220378	1.0824184128980305	1.1302160638849819	1.1984781319242667e-19	***
100	z_log_TPM	1.5274181632482644	0.053464104909897225	28.569040215344746	1.6296508415977127e-179	1.4226304431591947	1.632205883337334	4.606268822524458	4.148017225816626	5.11514569739611	1.955581009917255e-178	***
100	z_log_gene_length	0.05713552649948489	0.019179928089786264	2.9789228735383437	0.0028926357855617243	0.019543558217435697	0.09472749478153408	1.0587992960344759	1.019735783766287	1.0993592331756754	0.004958804203820099	**
150	C(Gene_type)[T.Other]	-0.4066108792716902	0.4081927744596795	-0.9961246369681991	0.3191895906774459	-1.2066540159621433	0.3934322574187628	0.6659032566544216	0.29919671388041164	1.4820588818371898	0.38302750881293507	
150	C(Gene_type)[T.Pseudogene]	-0.391496427833775	0.06089686504041739	-6.428843710984759	1.285782412390732e-10	-0.5108520900843894	-0.2721407655831606	0.6760444654335923	0.5999841204190988	0.7617470257781895	3.085877789737757e-10	***
150	C(Gene_type)[T.lncRNA]	-0.2791937191601604	0.03639591407014973	-7.671018197868051	1.7063633348110286e-14	-0.35052839992206847	-0.20785903839825232	0.7563933611348314	0.704315830946438	0.812321534786511	5.119090004433086e-14	***
150	C(Region)[T.3UTR]	-0.42646668335746335	0.08591501921475594	-4.963819914786418	6.912003786702644e-07	-0.5948570267494517	-0.25807633996547497	0.652811614704458	0.5516414301983631	0.7725362544647871	1.3824007573405288e-06	***
150	C(Region)[T.5UTR]	0.08919495222029718	0.03956265964265676	2.254523660085949	0.024163243929064892	0.011653564188073645	0.1667363402525207	1.0932937756006078	1.011721731507274	1.181442725349266	0.03221765857208652	*
150	Intercept	4.207944034027485	0.07041240402687539	59.76140272701631	0.0	4.069938258069926	4.345949809985044	67.21819931664463	58.55334728361187	77.16529505114663		
150	Is_fast_evolving[T.True]	-0.03999272582927726	0.04869653817745584	-0.8212642484675013	0.4114957672516173	-0.13543618682887046	0.05545073517031595	0.9607964281241517	0.873334891419234	1.057016942030077	0.4489044733654006	
150	Is_heart_specific[T.True]	-0.35012780266031013	0.15135119170756567	-2.313346850527693	0.020703576757843685	-0.6467706874243562	-0.05348491789626414	0.7045980344609318	0.5237343507521491	0.9479202375273478	0.031055365136765527	*
150	z_Compactness	0.0014458877489807822	0.02127236054745291	0.06797025397136326	0.9458093133975078	-0.04024717279017767	0.04313894828813923	1.0014469335486478	0.9605519874928782	1.0440829583119522	0.9458093133975078	
150	z_GC_content	-0.20566687561275926	0.016292811483761122	-12.623166714826677	1.573636387458385e-36	-0.23760019932783166	-0.17373355189768686	0.8141042290890724	0.7885178780612571	0.8405208230031089	9.441818324750311e-36	***
150	z_PSI_fixed	0.16110557311848184	0.013476964464475556	11.954143942662025	6.176678055874986e-33	0.1346912081471836	0.18751993808978007	1.1748089905158268	1.1441834152786114	1.2062542995877454	2.4706712223499943e-32	***
150	z_log_TPM	2.7718302176155007	0.11899775057824402	23.29313120749247	5.204095431683011e-120	2.538598912240862	3.0050615229901396	15.987868527482147	12.661918078630865	20.187458050565233	6.244914518019613e-119	***
150	z_log_gene_length	0.06831781343620137	0.022845156401953216	2.9904725638192757	0.002785461508516823	0.023542129667188424	0.11309349720521432	1.0707055390175073	1.0238214330942839	1.1197366202990964	0.004775076871743125	**
200	C(Gene_type)[T.Other]	-0.14009058136631275	0.5519369807573261	-0.2538162620922611	0.7996375094368466	-1.2218671853864487	0.9416860226538233	0.8692794913084556	0.29467943179299516	2.564301245633968	0.7996375094368466	
200	C(Gene_type)[T.Pseudogene]	-0.3752269287423385	0.06665677847505225	-5.62923887602482	1.8100657308407936e-08	-0.5058718138789056	-0.24458204360577138	0.687133330794524	0.6029796601738053	0.7830317429823116	5.430197192522381e-08	***
200	C(Gene_type)[T.lncRNA]	-0.040440121388495544	0.04137401569773301	-0.9774279993496344	0.3283573069758622	-0.12153170205184707	0.04065145927485599	0.9603666682124027	0.8855629787403925	1.041489040932197	0.4925359604637933	
200	C(Region)[T.3UTR]	-0.06317650470907633	0.09822083094002182	-0.6432088193965171	0.5200886113853115	-0.2556857958831165	0.12933278646496388	0.9387777603694915	0.7743852456031814	1.138068795045154	0.6782417184144506	
200	C(Region)[T.5UTR]	0.08821929952869023	0.04489188585513489	1.9651502236589464	0.04939685313556214	0.0002328200545427539	0.1762057790028377	1.0922276207687143	1.0002328471592352	1.1926834626139498	0.09879370627112428	
200	Intercept	6.523339881099662	0.21933450474882032	29.741512346952092	2.2328241584620995e-194	6.093452151225044	6.953227610974279	680.8485453853262	442.94789792685174	1046.522049033103		
200	Is_fast_evolving[T.True]	0.056529328368218196	0.05580255284129033	1.0130240551717216	0.3110486711027197	-0.05284166544610411	0.1659003221825405	1.0581576483822863	0.9485301856969891	1.1804554306378408	0.4925359604637933	
200	Is_heart_specific[T.True]	-0.3260101959900312	0.16461806483438898	-1.9804035256884345	0.047658204111360805	-0.6486556742701133	-0.0033647177099492276	0.7217978279507389	0.5227480482659586	0.9966409366091776	0.09879370627112428	
200	z_Compactness	0.013595444246321937	0.023638788020504873	0.575132880523693	0.5652014320120422	-0.03273572891204449	0.05992661740468837	1.0136882825473366	0.9677942858458533	1.0617586290827052	0.6782417184144506	
200	z_GC_content	-0.22177270436304863	0.019010582235602508	-11.665750244499018	1.9071446354607047e-31	-0.2590327608699665	-0.18451264785613078	0.8010974295930754	0.7717977378641929	0.8315094230213425	7.628578541842819e-31	***
200	z_PSI_fixed	0.20452331427242756	0.015560750584096228	13.143537849739678	1.853538097545099e-39	0.17402480355518835	0.23502182498966678	1.2269400607271348	1.1900850837953405	1.264936375654958	1.1121228585270593e-38	***
200	z_log_TPM	5.930961091499781	0.32574640404088134	18.207295669042725	4.517149898144004e-74	5.292509871486221	6.569412311513341	376.51620651262317	198.84186716801509	712.9507270562383	5.4205798777728046e-73	***
200	z_log_gene_length	0.012271417746762884	0.0258234921143284	0.47520365148267363	0.6346418247053147	-0.03834169675237488	0.06288453224590064	1.0123470205281206	0.9623840412010058	1.0649038700737468	0.6923365360421615	
250	C(Gene_type)[T.Other]	-0.9005843341061577	0.557354430508673	-1.6158198173543428	0.10613327560287607	-1.992978944526989	0.19181027631467362	0.4063321566192287	0.13628882327936326	1.2114406561747282	0.11578175520313752	
250	C(Gene_type)[T.Pseudogene]	-0.49276994612283703	0.07690544583559965	-6.407477920045203	1.4794650440037164e-10	-0.6435018501756082	-0.34203804207006583	0.6109318001297084	0.5254491542862381	0.7103211821070037	3.550716105608919e-10	***
250	C(Gene_type)[T.lncRNA]	0.21522791549313067	0.04359221342107466	4.9373018390729095	7.921082549557076e-07	0.12978874718144076	0.30066708380482055	1.2401445129067752	1.138587828028676	1.350759576936254	1.5842165099114152e-06	***
250	C(Region)[T.3UTR]	0.36738115983432884	0.1097009048470902	3.348934635921315	0.00081122931500454	0.1523713372625766	0.5823909824060811	1.443948189290681	1.164592612781266	1.7903139264952888	0.0012168439725068101	**
250	C(Region)[T.5UTR]	0.1234297696012098	0.051363340083033414	2.403071322886607	0.016258016149541015	0.022759472912781756	0.22410006628963786	1.1313705451473137	1.023020445824302	1.25119621572721	0.021677354866054686	*
250	Intercept	21.88170480557483	1.2616625134816588	17.343548351286522	2.2068304309214207e-67	19.4088917185065	24.354517892643162	3184957574.822234	268642408.9628997	37760064736.53397		
250	Is_fast_evolving[T.True]	0.311007144398839	0.06402885277308272	4.857296842425766	1.1899912960043396e-06	0.18551289899217926	0.4365013898054987	1.36479897181952	1.2038357279426253	1.5472843929154374	2.039985078864582e-06	***
250	Is_heart_specific[T.True]	-0.0254525023020987	0.176401717855201	-0.14428715667605535	0.8852737196714218	-0.3711935161092889	0.32028851150509147	0.9748686818842369	0.6899104198596967	1.3775251388607537	0.8852737196714218	
250	z_Compactness	0.04550586865617196	0.02564547397665662	1.774421041997233	0.07599353185080045	-0.004758336704534211	0.09577007401687813	1.0465571464799834	0.9952529662447099	1.100505999978121	0.09119223822096054	
250	z_GC_content	-0.2469215149652055	0.02273726953580731	-10.859769884697297	1.792002004367438e-27	-0.29148574436216756	-0.20235728556824342	0.7812020037918251	0.7471526646648444	0.8168030438626875	7.168008017469751e-27	***
250	z_PSI_fixed	0.2409363348758855	0.01768070094111617	13.627080491791597	2.764190149478519e-42	0.20628279780987438	0.27558987194189666	1.2724400226774448	1.2291007418494337	1.3173074884611196	1.6585140896871113e-41	***
250	z_log_TPM	26.91901064485164	1.7022229132431357	15.81403377631933	2.4900044581210243e-56	23.582715041236245	30.255306248467033	490656753967.7345	17451911850.66749	13794709271634.68	2.988005349745229e-55	***
250	z_log_gene_length	-0.2026697690311728	0.030385100738423085	-6.670037752249061	2.5573763084439853e-11	-0.26222347214510344	-0.14311606591724213	0.8165478462935968	0.7693390786416091	0.8666534741273842	7.672128925331956e-11	***
